<?xml version="1.0" encoding="UTF-8"?>

<beans xmlns="http://www.springframework.org/schema/beans"
	xmlns:context="http://www.springframework.org/schema/context"
	xmlns:xsi="http://www.w3.org/2001/XMLSchema-instance" 
	xmlns:mvc="http://www.springframework.org/schema/mvc"
	xmlns:tx="http://www.springframework.org/schema/tx" 
	xmlns:webflow="http://www.springframework.org/schema/webflow-config"
	xsi:schemaLocation="http://www.springframework.org/schema/beans 
http://www.springframework.org/schema/beans/spring-beans-3.0.xsd
http://www.springframework.org/schema/context
http://www.springframework.org/schema/context/spring-context-3.0.xsd
http://www.springframework.org/schema/mvc
http://www.springframework.org/schema/mvc/spring-mvc.xsd
http://www.springframework.org/schema/tx
http://www.springframework.org/schema/tx/spring-tx-4.0.xsd
http://www.springframework.org/schema/webflow-config
http://www.springframework.org/schema/webflow-config/spring-webflow-config-2.4.xsd">


	<context:component-scan base-package="com.niit.ShoppingCart_Project" />
	<context:component-scan base-package="com.niit.shoppingCartCoreApp" />

	<bean id="productDAO" class="com.niit.shoppingCartCoreApp.DAOImpl.ProductDAOImpl" />
	<bean id="categoryDAO" class="com.niit.shoppingCartCoreApp.DAOImpl.CategoryDAOImpl" />
	<bean id="supplierDAO" class="com.niit.shoppingCartCoreApp.DAOImpl.SupplierDAOImpl" />
	<bean id="userDAO" class="com.niit.shoppingCartCoreApp.DAOImpl.UserDAOImpl" />
	<bean id="cartDAO" class="com.niit.shoppingCartCoreApp.DAOImpl.CartDAOImpl" />

	<bean id="product" class="com.niit.shoppingCartCoreApp.Model.Product" />
	<bean id="category" class="com.niit.shoppingCartCoreApp.Model.Category" />
	<bean id="supplier" class="com.niit.shoppingCartCoreApp.Model.Supplier" />
	<bean id="user" class="com.niit.shoppingCartCoreApp.Model.User" />
	<bean id="cart" class="com.niit.shoppingCartCoreApp.Model.Cart" />

	<tx:annotation-driven />

	<bean
		class="org.springframework.web.servlet.view.InternalResourceViewResolver">
		<property name="prefix">
			<value>/WEB-INF/Views/</value>
		</property>
		<property name="suffix">
			<value>.jsp</value>
		</property>
	</bean>
	
	<!-- WebFlow Configuration 
	<webflow:flow-executor id="flowExecutor" />
 
	<webflow:flow-registry id="flowRegistry"
		flow-builder-services="flowBuilderServices" base-path="/WEB-INF">
		
		<webflow:flow-location id="memberShip" path="/membershipflow.xml" />
	</webflow:flow-registry>
 
	<webflow:flow-builder-services id="flowBuilderServices"
		view-factory-creator="viewFactoryCreator" />
-->

	<bean id="multipartResolver"
		class="org.springframework.web.multipart.commons.CommonsMultipartResolver" />
	<mvc:resources mapping="/resources/**" location="/resources/" />
	<mvc:annotation-driven />
</beans>